name,table
双向水管,card_data_1
控温双向水管,card_data_1
合金水管,card_data_1
天秤座精灵,card_data_1
天秤座战将,card_data_1
天秤座星宿,card_data_1
呆呆鸡,card_data_1
水遁呆呆鸡,card_data_1
贤圣呆呆鸡,card_data_1
阿瑞斯神使,card_data_1
阿瑞斯圣神,card_data_1
战神·阿瑞斯,card_data_1
至尊战神,card_data_1
二哈汪,card_data_1
秘银二哈汪,card_data_1
金刚二哈汪,card_data_1
双枪喵,card_data_1
左轮双枪喵,card_data_1
等离子双枪喵,card_data_1
散弹牛,card_data_1
威武散弹牛,card_data_1
霸气散弹牛,card_data_1
威风虎,card_data_1
爆气威风虎,card_data_1
连弩威风虎,card_data_1
三线酒架,card_data_1
强力三线酒架,card_data_1
终结者酒架,card_data_1
射手座精灵,card_data_1
射手座战将,card_data_1
射手座星宿,card_data_1
砰砰鸡,card_data_1
固岩砰砰鸡,card_data_1
暗殇砰砰鸡,card_data_1
丘比特神使,card_data_1
丘比特圣神,card_data_1
爱神·丘比特,card_data_1
至尊爱神,card_data_1
狩猎汪,card_data_1
丛林狩猎汪,card_data_1
部落狩猎汪,card_data_1
猪猪猎手,card_data_1
青铜猪猪猎手,card_data_1
王者猪猪猎手,card_data_1
炙烤灯笼鱼,card_data_1
炙烤辣灯笼鱼,card_data_1
炙烤五香灯笼鱼,card_data_1
枪塔喵,card_data_1
榴弹枪塔喵,card_data_1
射线枪塔喵,card_data_1
弩箭牛,card_data_1
精英弩箭牛,card_data_1
暴力弩箭牛,card_data_1
仙人掌刺身,card_data_1
仙人球刺身,card_data_1
仙人掌花刺身,card_data_1
勺勺兔,card_data_1
增强勺勺兔,card_data_1
盖世勺勺兔,card_data_1
窃蛋龙,card_data_1
蓝角窃蛋龙,card_data_1
钢爪窃蛋龙,card_data_1
尤弥尔神使,card_data_1
尤弥尔圣神,card_data_1
巨神·尤弥尔,card_data_1
至尊巨神,card_data_1
幻影蛇,card_data_1
羽翼幻影蛇,card_data_1
金盔幻影蛇,card_data_1
全能糖球投手,card_data_1
水果糖全能投手,card_data_1
可可糖全能投手,card_data_1
煮蛋器投手,card_data_1
威力煮蛋器,card_data_1
强袭煮蛋器,card_data_1
冰煮蛋器,card_data_1
节能冰煮蛋器,card_data_1
冰河煮蛋器,card_data_1
双鱼座精灵,card_data_1
双鱼座战将,card_data_1
双鱼座星宿,card_data_1
弹弹鸡,card_data_1
寒冰弹弹鸡,card_data_1
月光弹弹鸡,card_data_1
索尔神使,card_data_1
索尔圣神,card_data_1
雷神·索尔,card_data_1
至尊雷神,card_data_1
机械汪,card_data_1
改装机械汪,card_data_1
自律机械汪,card_data_1
投弹猪,card_data_1
獠牙投弹猪,card_data_1
振金投弹猪,card_data_1
雪糕投手,card_data_1
麦旋风投手,card_data_1
水果雪芭投手,card_data_1
飞鱼喵,card_data_1
河滨飞鱼喵,card_data_1
深海飞鱼喵,card_data_1
壮壮牛,card_data_1
蛮力壮壮牛,card_data_1
乾坤壮壮牛,card_data_1
烤蜥蜴投手,card_data_1
坚果蜥蜴投手,card_data_1
花椒蜥蜴投手,card_data_1
投篮虎,card_data_1
职业投篮虎,card_data_1
球星投篮虎,card_data_1
钵钵鸡,card_data_1
飘香钵钵鸡,card_data_1
川香钵钵鸡,card_data_1
色拉投手,card_data_1
果蔬色拉投手,card_data_1
凯撒色拉投手,card_data_1
巧克力投手,card_data_1
浓情巧克力投手,card_data_1
脆心巧克力投手,card_data_1
臭豆腐投手,card_data_1
什锦臭豆腐投手,card_data_1
铁板臭豆腐投手,card_data_1
8周年蛋糕,card_data_1
8周年慕斯,card_data_1
8周年红丝绒,card_data_1
炭烧海星,card_data_1
芝士焗海星,card_data_1
芥末海星刺身,card_data_1
猪猪料理机,card_data_1
猪猪搅拌机,card_data_1
猪猪破壁机,card_data_1
陀螺喵,card_data_1
极光陀螺喵,card_data_1
金翼陀螺喵,card_data_1
哈迪斯神使,card_data_1
哈迪斯圣神,card_data_1
冥神·哈迪斯,card_data_1
至尊冥神,card_data_1
查克拉兔,card_data_1
上忍查克拉兔,card_data_1
影级查克拉兔,card_data_1
厨师虎,card_data_1
银牌厨师虎,card_data_1
金牌厨师虎,card_data_1
星星兔,card_data_1
科技星星兔,card_data_1
宇宙星星兔,card_data_1
坚果爆炒机,card_data_1
橡子搅拌机,card_data_1
松塔爆破机,card_data_1
里格神使,card_data_1
里格圣神,card_data_1
守护神·里格,card_data_1
至尊守护神,card_data_1
怪味鱿鱼,card_data_1
爆汁怪味鱿鱼,card_data_1
天椒怪味鱿鱼,card_data_1
烟花虎,card_data_1
冷光烟花虎,card_data_1
礼炮烟花虎,card_data_1
风车龙,card_data_1
暴击风车龙,card_data_1
迅猛风车龙,card_data_1
鲈鱼,card_data_1
美味鲈鱼,card_data_1
龙门鲈鱼,card_data_1
便便汪,card_data_1
白银便便汪,card_data_1
黄金便便汪,card_data_1
烧鸡,card_data_1
美味烤鸡,card_data_1
奥尔良烤鸡,card_data_1
饼干汪,card_data_1
冲锋饼干汪,card_data_1
加农饼干汪,card_data_1
牛角面包,card_data_1
盾盾汪,card_data_1
钢化盾盾汪,card_data_1
火盆,card_data_1
电子烤盘,card_data_1
岩烧烤盘,card_data_1
金牛座精灵,card_data_1
金牛座战将,card_data_1
金牛座星宿,card_data_1
洛基神使,card_data_1
洛基圣神,card_data_1
火神·洛基,card_data_1
至尊火神,card_data_1
暖炉汪,card_data_1
高温暖炉汪,card_data_1
火热暖炉汪,card_data_1
能量喵,card_data_1
蓝焰能量喵,card_data_1
樱红能量喵,card_data_1
坩埚蛇,card_data_1
灵力坩埚蛇,card_data_1
幻术坩埚蛇,card_data_1
猪猪加强器,card_data_1
猪猪信号塔,card_data_1
猪猪发射站,card_data_1
蓝莓信号塔塔,card_data_1
美味水果塔,card_data_1
风车水果塔,card_data_1
巧克力风车塔,card_data_1
欧若拉神使,card_data_1
欧若拉圣神,card_data_1
曙光女神·欧若拉,card_data_1
至尊曙光女神,card_data_1
莓果点心,card_data_1
薄荷莓果点心,card_data_1
流心莓果点心,card_data_1
香料虎,card_data_1
海洋香料虎,card_data_1
魔力香料虎,card_data_1
塔利亚神使,card_data_1
塔利亚圣神,card_data_1
宴飨女神·塔利亚,card_data_1
精灵龙,card_data_1
蛋筒精灵龙,card_data_1
樱桃精灵龙,card_data_1
龙须面,card_data_1
五谷丰登,card_data_1
五谷营养餐,card_data_1
杂粮大丰收,card_data_1
五行蛇,card_data_1
通灵五行蛇,card_data_1
泰斗五行蛇,card_data_1
弗雷神使,card_data_1
弗雷圣神,card_data_1
丰饶神·弗雷,card_data_1
至尊丰饶神,card_data_1
加速榨汁机,card_data_1
苹果榨汁机,card_data_1
大菠萝榨汁机,card_data_1
魔杖蛇,card_data_1
青木魔杖蛇,card_data_1
凤羽魔杖蛇,card_data_1
炎焱兔,card_data_1
火火炎焱兔,card_data_1
燚燚炎焱兔,card_data_1
11周年美食盒子,card_data_1
小火炉,card_data_1
日光炉,card_data_1
太阳能高效炉,card_data_1
大火炉,card_data_1
高能火炉,card_data_1
超能燃气炉,card_data_1
酒杯灯,card_data_1
节能灯,card_data_1
高效节能灯,card_data_1
双子座精灵,card_data_1
双子座战将,card_data_1
双子座星宿,card_data_1
咕咕鸡,card_data_1
萤火咕咕鸡,card_data_1
梦幻咕咕鸡,card_data_1
暖暖鸡,card_data_1
焰羽暖暖鸡,card_data_1
日耀暖暖鸡,card_data_1
阿波罗神使,card_data_1
阿波罗圣神,card_data_1
太阳神·阿波罗,card_data_1
至尊太阳神,card_data_1
7周年蜡烛,card_data_1
火焰牛,card_data_1
幽蓝火焰牛,card_data_1
幻紫火焰牛,card_data_1
花火龙,card_data_1
灼灼花火龙,card_data_1
炽焰花火龙,card_data_1
蛇羹煲,card_data_1
厨圣蛇羹煲,card_data_1
帝王蛇羹煲,card_data_1
钱罐猪,card_data_1
彩晶钱罐猪,card_data_1
招财钱罐猪,card_data_1
罐罐牛,card_data_1
五香罐罐牛,card_data_1
香辣罐罐牛,card_data_1
烈火虎,card_data_1
煤气烈火虎,card_data_1
燃油烈火虎,card_data_1
樱桃反弹布丁,card_data_1
节能反弹布丁,card_data_1
热量反弹布丁,card_data_1
艾草粑粑,card_data_1
布丁汪,card_data_1
双拼布丁汪,card_data_1
什锦布丁汪,card_data_1
凉粉牛,card_data_1
焦糖凉粉牛,card_data_1
山楂凉粉牛,card_data_1
忒提丝神使,card_data_1
忒提丝圣神,card_data_1
水神·忒提丝,card_data_1
木盘子,card_data_1
友情木盘子,card_data_1
坚韧木盘子,card_data_1
盘盘鸡,card_data_1
王者盘盘鸡,card_data_1
超神盘盘鸡,card_data_1
猫猫盘,card_data_1
光能猫猫盘,card_data_1
无敌猫猫盘,card_data_1
魔法软糖,card_data_1
魔法师软糖,card_data_1
魔导士软糖,card_data_1
棉花糖,card_data_1
草莓棉花糖,card_data_1
彩虹棉花糖,card_data_1
苏打气泡,card_data_1
五彩香皂泡泡,card_data_1
麦芽糖,card_data_1
莓莓麦芽糖,card_data_1
糖葫芦炮弹,card_data_1
水果糖葫芦弹,card_data_1
七彩糖葫芦弹,card_data_1
跳跳鸡,card_data_1
动感跳跳鸡,card_data_1
魔音跳跳鸡,card_data_1
防空喵,card_data_1
钢盔防空喵,card_data_1
狂暴防空喵,card_data_1
赫丘利神使,card_data_1
赫丘利圣神,card_data_1
大力神·赫丘利,card_data_1
至尊大力神,card_data_1
香肠,card_data_1
热狗大炮,card_data_1
热狗高射炮,card_data_1
热狗榴弹炮,card_data_1
弹簧虎,card_data_1
飞行弹簧虎,card_data_1
机器弹簧虎,card_data_1
泡泡龙,card_data_1
蓝鳍泡泡龙,card_data_1
彩色泡泡龙,card_data_1
爱心便当,card_data_1
梦幻多拿滋,card_data_1
仙女多拿滋,card_data_1
女王多拿滋,card_data_1
埃罗斯神使,card_data_1
埃罗斯圣神,card_data_1
恶作剧神·埃罗斯,card_data_1
至尊恶作剧神,card_data_1
耗油双菇,card_data_1
伯爵耗油双菇,card_data_1
皇家耗油双菇,card_data_1
奶茶猪,card_data_1
紫薯奶茶猪,card_data_1
爆弹奶茶猪,card_data_1
科技喵,card_data_1
坦克科技喵,card_data_1
重坦科技喵,card_data_1
咖啡喷壶,card_data_1
香醇咖啡喷壶,card_data_1
红温咖啡喷壶,card_data_1
关东煮喷锅,card_data_1
福袋关东煮喷锅,card_data_1
海鲜关东煮喷锅,card_data_1
烈焰龙,card_data_1
火山烈焰龙,card_data_1
岩浆烈焰龙,card_data_1
赫斯提亚神使,card_data_1
赫斯提亚圣神,card_data_1
圣火女神·赫斯提亚,card_data_1
至尊圣火女神,card_data_1
旋转咖啡喷壶,card_data_1
节能旋转咖啡壶,card_data_1
原子咖啡壶,card_data_1
狮子座精灵,card_data_1
狮子座战将,card_data_1
狮子座星宿,card_data_1
波塞冬神使,card_data_1
波塞冬圣神,card_data_1
海神·波塞冬,card_data_1
至尊海神,card_data_1
转转鸡,card_data_1
五彩转转鸡,card_data_1
五彩转转鸡,card_data_1
可乐汪,card_data_1
冰摇可乐汪,card_data_1
星杯可乐汪,card_data_1
元气牛,card_data_1
泡泡元气牛,card_data_1
酷酷元气牛,card_data_1
巫蛊蛇,card_data_1
暗黑巫蛊蛇,card_data_1
秘术巫蛊蛇,card_data_1
章鱼烧,card_data_1
两栖章鱼烧,card_data_1
火影章鱼烧,card_data_1
巨蟹座精灵,card_data_1
巨蟹座战将,card_data_1
巨蟹座星宿,card_data_1
忍忍鸡,card_data_1
疾风忍忍鸡,card_data_1
幻影忍忍鸡,card_data_1
狄安娜神使,card_data_1
狄安娜圣神,card_data_1
月神·狄安娜,card_data_1
至尊月神,card_data_1
飞盘汪,card_data_1
大厨飞盘汪,card_data_1
名厨飞盘汪,card_data_1
铁甲飞镖猪,card_data_1
银甲飞镖猪,card_data_1
金甲飞镖猪,card_data_1
海盗兔,card_data_1
首领海盗兔,card_data_1
洛克斯海贼兔,card_data_1
咖喱龙虾炮,card_data_1
麻辣龙虾炮,card_data_1
加农龙虾炮,card_data_1
雅典娜守护,card_data_1
雅典娜圣衣,card_data_1
雅典娜光辉,card_data_1
火箭猪,card_data_1
运载火箭猪,card_data_1
反重力火箭猪,card_data_1
宙斯神使,card_data_1
宙斯圣神,card_data_1
天神·宙斯,card_data_1
至尊天神,card_data_1
魔法猪,card_data_1
冰霜魔法猪,card_data_1
暴雪元素猪,card_data_1
招财喵,card_data_1
贵族招财喵,card_data_1
御守招财喵,card_data_1
雪球兔,card_data_1
见习雪球兔,card_data_1
导师雪球兔,card_data_1
典伊神使,card_data_1
典伊圣神,card_data_1
冰神·典伊,card_data_1
至尊冰神,card_data_1
冰晶龙,card_data_1
四棱冰晶龙,card_data_1
独角冰晶龙,card_data_1
冰块冷萃机,card_data_1
低温冷萃机,card_data_1
迅捷冷萃机,card_data_1
鼠鼠蛋糕空投器,card_data_1
喵博士蛋糕空投器,card_data_1
风力空投猪,card_data_1
导弹空投猪,card_data_1
涡轮空投猪,card_data_1
电流虎,card_data_1
磁铁电流虎,card_data_1
氢能电流虎,card_data_1
肥牛火锅,card_data_1
酸汤肥牛锅,card_data_1
海鲜肥牛锅,card_data_1
麻辣香锅,card_data_1
孜然羊肉锅,card_data_1
酱香鱿鱼锅,card_data_1
生煎锅,card_data_1
水煎包锅,card_data_1
驴肉火烧锅,card_data_1
铛铛虎,card_data_1
速热铛铛虎,card_data_1
微波铛铛虎,card_data_1
祝融神使,card_data_1
祝融圣神,card_data_1
赤帝·祝融,card_data_1
至尊赤帝,card_data_1
糖炒栗子,card_data_1
开口笑栗子,card_data_1
焦香烤栗子,card_data_1
霜霜蛇,card_data_1
雪花霜霜蛇,card_data_1
玄冰霜霜蛇,card_data_1
汉堡包,card_data_1
天椒双层堡,card_data_1
牛肉双黑汉堡,card_data_1
贪食蛙,card_data_1
吞噬龙,card_data_1
幼年吞噬龙,card_data_1
成年吞噬龙,card_data_1
香辣年糕蟹,card_data_1
中辣年糕蟹,card_data_1
厨神年糕蟹,card_data_1
混沌神使,card_data_1
混沌圣神,card_data_1
上古神·混沌,card_data_1
新疆炒面,card_data_1
刀削拉面,card_data_1
真刀削拉面,card_data_1
丸子厨师,card_data_1
功夫汪,card_data_1
铁皮功夫汪,card_data_1
金甲功夫汪,card_data_1
鱼刺,card_data_1
钢鱼刺,card_data_1
无座钢鱼刺,card_data_1
海贼王鱼刺,card_data_1
糖渍刺梨,card_data_1
烟熏刺梨,card_data_1
生腌酸刺梨,card_data_1
蜂蜜史莱姆,card_data_1
蜂糖史莱姆,card_data_1
蜂王浆史莱姆,card_data_1
小笼包,card_data_1
双层小笼包,card_data_1
三向小笼包,card_data_1
机枪小笼包,card_data_1
竹筒机枪小笼包,card_data_1
格林机枪笼包,card_data_1
冰冻小笼包,card_data_1
双层冰冻小笼包,card_data_1
三向冰冻小笼包,card_data_1
机枪冰冻小笼包,card_data_1
国王小笼包,card_data_1
红心国王小笼包,card_data_1
黑心国王小笼包,card_data_1
三向国王小笼包,card_data_1
红心三向国王小笼包,card_data_1
黑心三向国王小笼包,card_data_1
贵族小笼包,card_data_1
玉蜀黍,card_data_1
奶油玉米机枪,card_data_1
加农玉米机枪,card_data_1
包包龙,card_data_1
懵懂包包龙,card_data_1
觉醒包包龙,card_data_1
咖啡杯,card_data_1
花纹咖啡杯,card_data_1
骨瓷咖啡杯,card_data_1
水上茶杯,card_data_1
激光汪,card_data_1
高频激光汪,card_data_1
超频激光汪,card_data_1
天蝎座精灵,card_data_1
天蝎座战将,card_data_1
工程猪,card_data_1
高级工程猪,card_data_1
科幻工程猪,card_data_1
双刃蛇,card_data_1
武士双刃蛇,card_data_1
游侠双刃蛇,card_data_1
元素蛇,card_data_1
烈暴元素蛇,card_data_1
流星元素蛇,card_data_1
回旋虎,card_data_1
高能回旋虎,card_data_1
宗师回旋虎,card_data_1
大师兔,card_data_1
黑带大师兔,card_data_1
功夫大师兔,card_data_1
15周年猴赛雷,card_data_1
捕风手猴赛雷,card_data_1
艺术家猴赛雷,card_data_1
赖皮蛇,card_data_1
宝石赖皮蛇,card_data_1
大王赖皮蛇,card_data_1
迷你披萨炉,card_data_1
香脆披萨炉,card_data_1
拉丝披萨炉,card_data_1
焦油喷壶,card_data_1
强力焦油喷壶,card_data_1
祝融喷壶,card_data_1
喷壶汪,card_data_1
高压喷壶汪,card_data_1
连射喷壶汪,card_data_1
派派鸡,card_data_1
少校派派鸡,card_data_1
将军派派鸡,card_data_1
小猪米花机,card_data_1
巧克力米花机,card_data_1
金箔米花机,card_data_1
喷气牛,card_data_1
恒温喷气牛,card_data_1
无限喷气牛,card_data_1
卖萌喵,card_data_1
核能卖萌喵,card_data_1
原子卖萌喵,card_data_1
奥丁神使,card_data_1
奥丁圣神,card_data_1
主神·奥丁,card_data_1
至尊主神,card_data_1
法师蛇,card_data_1
幽冥法师蛇,card_data_1
奥术法师蛇,card_data_1
街头烤肉大师,card_data_1
户外烤肉大师,card_data_1
BBQ烤肉大师,card_data_1
后羿神使,card_data_1
后羿圣神,card_data_1
宗布神·后羿,card_data_1
至尊宗布神,card_data_1
雷电长棍面包,card_data_1
节能面包,card_data_1
负离子面包,card_data_1
三指兔,card_data_1
开罗三指兔,card_data_1
胡夫三指兔,card_data_1
巧克力大炮,card_data_1
节能巧克力大炮,card_data_1
死神大炮,card_data_1
导弹蛇,card_data_1
舰地导弹蛇,card_data_1
洲际导弹蛇,card_data_1
盖亚神使,card_data_1
盖亚圣神,card_data_1
大地女神·盖亚,card_data_1
至尊大地女神,card_data_1
可乐炸弹,card_data_1
云爆可乐弹,card_data_1
燃烧可乐弹,card_data_1
酒瓶炸弹,card_data_1
高爆酒瓶弹,card_data_1
子母酒瓶弹,card_data_1
开水壶炸弹,card_data_1
汽油壶炸弹,card_data_1
汽油干冰弹,card_data_1
威士忌炸弹,card_data_1
水晶威士忌炸弹,card_data_1
钻石威士忌炸弹,card_data_1
潘多拉,card_data_1
潘多拉魔盒,card_data_1
疫神·潘多拉,card_data_1
深水炸弹,card_data_1
爆辣河豚,card_data_1
朝天椒河豚,card_data_1
青芥末河豚,card_data_1
爆竹,card_data_1
美食烟花普通版,card_data_1
美食烟花华丽版,card_data_1
水瓶座精灵,card_data_1
水瓶座战将,card_data_1
水瓶座星宿,card_data_1
雷暴猪,card_data_1
离子雷暴猪,card_data_1
电磁雷暴猪,card_data_1
微波炉爆弹,card_data_1
星际微波爆弹,card_data_1
宇宙微波核弹,card_data_1
玉兔灯笼,card_data_1
广寒玉兔灯笼,card_data_1
莲花玉兔灯笼,card_data_1
爆裂蛇,card_data_1
凤梨爆裂蛇,card_data_1
西瓜爆裂蛇,card_data_1
糖果罐子,card_data_1
烛阴龙,card_data_1
青莲烛阴龙,card_data_1
圣火烛阴龙,card_data_1
老鼠夹子,card_data_1
多用老鼠夹子,card_data_1
黑猫鼠夹,card_data_1
麻辣串炸弹,card_data_1
竹筒粽子,card_data_1
娇娇虎,card_data_1
贵族娇娇虎,card_data_1
皇室娇娇虎,card_data_1
辣椒粉,card_data_1
火爆辣椒粉,card_data_1
魔鬼辣椒粉,card_data_1
月蟾兔,card_data_1
爆炸汪,card_data_1
时尚爆炸汪,card_data_1
魔幻爆炸汪,card_data_1
肉松清明粿,card_data_1
10周年烟花,card_data_1
10周年爆竹,card_data_1
10周年礼花,card_data_1
芥末牛,card_data_1
微辣芥末牛,card_data_1
辛辣芥末牛,card_data_1
钢丝球,card_data_1
炸地鼠爆竹,card_data_1
面粉袋,card_data_1
影分身袋,card_data_1
乾坤分身袋,card_data_1
椰子果,card_data_1
青涩柿柿,card_data_1
成熟柿柿,card_data_1
柿柿如意,card_data_1
萌虎高压锅,card_data_1
白羊座精灵,card_data_1
酋长汪,card_data_1
天使酋长汪,card_data_1
金翼酋长汪,card_data_1
逗猫棒,card_data_1
金鱼逗猫棒,card_data_1
鼠鼠逗猫棒,card_data_1
金牛烟花,card_data_1
迷幻金牛烟花,card_data_1
璀璨金牛烟花,card_data_1
贪吃兔,card_data_1
肥肥贪吃兔,card_data_1
暴走贪吃兔,card_data_1
灵鱼摩蹉神使,card_data_1
灵鱼摩蹉圣神,card_data_1
救世神·灵鱼摩蹉,card_data_1
至尊救世神,card_data_1
榴莲,card_data_1
雪山榴莲,card_data_1
冰河世纪榴莲,card_data_1
美味电鳗,card_data_1
变异美味电鳗,card_data_1
霸王美味电鳗,card_data_1
镭射喵,card_data_1
荧光镭射喵,card_data_1
电音镭射喵,card_data_1
黑暗神使,card_data_1
黑暗圣神,card_data_1
黑暗神·霍德尔,card_data_1
至尊黑暗神,card_data_1
火龙果,card_data_1
炎阳火龙果,card_data_1
九天皓日火龙果,card_data_1
摩羯座精灵,card_data_1
龙珠果,card_data_1
烈火龙珠果,card_data_1
燃爆龙珠果,card_data_1
巴德尔神使,card_data_1
巴德尔圣神,card_data_1
光明神·巴德尔,card_data_1
冰桶炸弹,card_data_1
酸橙冰桶炸弹,card_data_1
杂果冰桶炸弹,card_data_1
冰弹喵,card_data_1
爆裂冰弹喵,card_data_1
旋风冰弹喵,card_data_1
冰兔菓子,card_data_1
泡泡糖,card_data_1
大大泡泡糖,card_data_1
萄萄泡泡糖,card_data_1
逆转牛,card_data_1
匀速逆转牛,card_data_1
光速逆转牛,card_data_1
蛋蛋兔,card_data_1
智能蛋蛋兔,card_data_1
外星蛋蛋兔,card_data_1
冰激凌,card_data_1
果蔬冰淇淋,card_data_1
极寒冰沙,card_data_1
13周年时光机,card_data_1
超载时光机,card_data_1
未来时光机,card_data_1
转龙壶,card_data_1
充能转龙壶,card_data_1
巨星转龙壶,card_data_1
顽皮龙,card_data_1
捣蛋顽皮龙,card_data_1
神奇顽皮龙,card_data_1
美味计时器,card_data_1
佳肴计时器,card_data_1
珍馐计时器,card_data_1
柯罗诺斯神使,card_data_1
柯罗诺斯圣神,card_data_1
时间神·柯罗诺斯,card_data_1
至尊时间神,card_data_1
克洛托神使,card_data_1
克洛托圣神,card_data_1
命运女神·克洛托,card_data_1
至尊命运女神,card_data_1
蛇蛇酒,card_data_1
仙露蛇蛇酒,card_data_1
琼浆蛇蛇酒,card_data_1
幻幻鸡,card_data_1
学者幻幻鸡,card_data_1
导师幻幻鸡,card_data_1
圣诞包裹,card_data_1
奢华圣诞包裹,card_data_1
至尊圣诞包裹,card_data_1
天使猪,card_data_1
魔法天使猪,card_data_1
神力天使猪,card_data_1
黯然销魂饭,card_data_1
培根香肠饭,card_data_1
天妇罗盖饭,card_data_1
梵天神使,card_data_1
梵天圣神,card_data_1
创造神·梵天,card_data_1
百变蛇,card_data_1
孪生百变蛇,card_data_1
双子百变蛇,card_data_1
油灯,card_data_1
高亮油灯,card_data_1
南瓜灯,card_data_1
肉松清明粿,card_data_1
防萤草灯笼,card_data_1
萤火蛇,card_data_1
星辉萤火蛇,card_data_1
月芒萤火蛇,card_data_1
换气扇,card_data_1
9周年幸运草扇,card_data_1
9周年超能扇,card_data_1
9周年SSR草扇,card_data_1
棕榈吹风机,card_data_1
金棕榈吹风机,card_data_1
爆爆鸡,card_data_1
疯狂爆爆鸡,card_data_1
酷炫爆爆鸡,card_data_1
清障猪,card_data_1
拉环清障猪,card_data_1
核能清障猪,card_data_1
旋风牛,card_data_1
强压旋风牛,card_data_1
极速旋风牛,card_data_1
酸柠檬爆弹,card_data_1
电子柠檬爆弹,card_data_1
质子柠檬爆弹,card_data_1
炸炸菇,card_data_1
魔王炸炸菇,card_data_1
海盐粉,card_data_1
芥末海盐粉,card_data_1
十三香海盐粉,card_data_1
碎冰喵,card_data_1
闹钟碎冰喵,card_data_1
发条碎冰喵,card_data_1
木塞子,card_data_1
防风草沙拉,card_data_1
蛋黄酱防风草,card_data_1
金箔甜筒,card_data_1
金箔可可甜筒,card_data_1
治愈喵,card_data_1
武装治愈喵,card_data_1
全能治愈喵,card_data_1
12周年能量饮料,card_data_1
咖啡粉,card_data_1
名贵咖啡粉,card_data_1
皇族咖啡粉,card_data_1
猫猫盒,card_data_1
猫猫箱,card_data_1
小丑盒子,card_data_1
鼠乐宝味觉糖,card_data_1
黑加仑味觉糖,card_data_1
车厘子味觉糖,card_data_1
大福虎,card_data_1
草莓大福虎,card_data_1
可可大福虎,card_data_1
土司面包,card_data_1
月饼,card_data_1
冰皮月饼,card_data_1
巧克力面包,card_data_1
德芙面包,card_data_1
菠萝爆炸面包,card_data_1
独角菠萝面包,card_data_1
皇冠菠萝面包,card_data_1
老虎蟹面包,card_data_1
帝王蟹面包,card_data_1
桂花酒,card_data_1
榴莲千层饼,card_data_1
瓜皮护罩,card_data_1
尖刺瓜皮护罩,card_data_1
锋芒瓜皮护罩,card_data_1
处女座精灵,card_data_1
处女座战将,card_data_1
处女座星宿,card_data_1
赫拉神使,card_data_1
赫拉圣神,card_data_1
天后·赫拉,card_data_1
至尊天后,card_data_1
祥龙环,card_data_1
点睛祥龙环,card_data_1
紫鳞祥龙环,card_data_1
守能汪,card_data_1
蓝焰守能汪,card_data_1
耀金守能汪,card_data_1
生日帽,card_data_1
喵喵炉,card_data_1
靓粉喵喵炉,card_data_1
炫紫喵喵炉,card_data_1
扑克牌护罩,card_data_1
精致黑桃护罩,card_data_1
豪华梅花护罩,card_data_1
彩虹蛇,card_data_1
溏心彩虹蛇,card_data_1
缤纷彩虹蛇,card_data_1
